,forecast_date,region_code,warehouse,timeframe,mafe_exp1,mafe_exp2,mafe_exp3,mafe_exp4,mafe_exp5,mafe_exp6,mafe_exp7,mafe_exp8
0,2022-08-17,CMX,CEDA,14,42.8959474503523,40.9951659984143,40.6549843436011,41.1461407765203,42.1168622663921,41.882571088322,41.449807384079,40.4089139117284
1,2022-08-08,CMX,CEDA,6,34.3533907251262,33.7025475745634,34.6412488199783,34.0215083989917,34.4025937238377,33.6880098749491,34.1045886270566,34.5121207208417
2,2022-08-06,CMX,CEDA,5,37.3394949435201,36.386627270195,36.3541858496698,36.3529039286151,37.0008741901266,36.2782575426888,36.2124143093218,36.412616426424
3,2022-08-03,CMX,CEDA,2,39.5012831811738,38.6388727020294,38.2556876671829,39.3061913077911,38.7332276234914,38.9379868681288,39.1597843177978,38.4335997316287
4,2022-08-31,CMX,CEDA,26,39.7912223999126,38.4619446646195,38.0047584365289,39.0123274649483,39.189470947846,39.6956353453983,39.2901414408317,37.7395723686402
5,2022-08-09,CMX,CEDA,7,45.7830379090784,44.0259988095974,44.0875622631302,43.5997651663732,45.5140811840131,43.983561394703,43.7311483782801,43.9786156185407
6,2022-08-12,CMX,CEDA,10,31.0350128047922,30.83627018107,30.5525191225195,30.4222724040685,30.1055135573393,30.8539262587436,30.5869203244715,30.3965368821377
7,2022-08-15,CMX,CEDA,12,29.190255647048,30.2423302382177,31.1012194168206,29.4935729300946,30.4663717631568,29.3372455413834,29.6398849067928,30.9602528639243
8,2022-08-05,CMX,CEDA,4,27.8300590884141,26.712858286128,26.7925167312863,27.037729146587,26.9874572978686,26.7291260400882,26.9046937938215,26.7994722587716
9,2022-08-24,CMX,CEDA,20,39.5040328281453,40.7969229799639,40.3363408237017,39.7948165360114,39.917448566306,39.7007799199407,39.6411389245981,40.3954475973221
10,2022-08-25,CMX,CEDA,21,46.2924846850609,45.5941347365946,45.9699559337548,45.0417065198301,45.9466167799938,45.8137377402514,45.1607010028068,45.8725968113193
11,2022-08-23,CMX,CEDA,19,43.0902155650585,42.4530899997181,43.457214614643,43.0187359562099,43.2499169332748,42.6123325970133,43.1596229506956,43.3163276201574
12,2022-08-26,CMX,CEDA,22,43.7087672101615,41.4718717253515,41.6059731910779,42.7178628724788,42.8225016910317,42.7252130115069,42.9270521535444,41.4077938721737
13,2022-08-20,CMX,CEDA,17,56.5297617619796,55.2178607580022,55.866880689985,54.3567213727318,56.3643994081249,54.4509611917172,54.5946164120914,55.644845319916
14,2022-08-02,CMX,CEDA,1,32.1019595330975,31.8622333899822,32.1159653218402,32.3266505097252,31.9509371588165,32.1933137541142,32.2242917318607,32.0529753046928
15,2022-08-13,CMX,CEDA,11,23.2810457660654,22.96160628929,23.1364027537511,23.0725310661489,22.9298876291794,23.1654487690181,22.9347726063823,23.2064359011821
16,2022-08-19,CMX,CEDA,16,40.588251884777,40.0839552380787,40.4120204325745,40.1406243643986,40.5736214953547,40.1129656303721,40.3269949757043,40.2354588008112
17,2022-09-01,CMX,CEDA,27,42.8060812635441,40.909862984675,41.2301801704749,40.5760005973237,42.0424505815488,40.3403475973875,40.6991006420811,41.1070801257176
18,2022-08-04,CMX,CEDA,3,39.232432043964,37.9825091180643,37.9077113539364,37.2513246161987,38.2423617707556,37.6470219890812,37.1620998127962,37.9880136769986
19,2022-09-05,CMX,CEDA,30,31.4425904091558,30.4852273619395,30.5766197261893,31.3229196202504,31.1967964536731,31.2489479778027,31.4865721132935,30.6220787520346
20,2022-09-03,CMX,CEDA,29,45.1087374701219,43.5791082826402,43.97351348071,42.9875731194036,44.5630823500057,42.9531005944105,43.2085732192461,43.7672467208569
21,2022-08-16,CMX,CEDA,13,38.0627258153159,36.8411015555823,37.2560416095116,37.4418131912437,37.5869476053961,37.5889240546855,37.5566668075665,37.1500228867521
22,2022-08-30,CMX,CEDA,25,32.2367819975297,32.2566137865155,33.1021421357229,32.16848988996,32.3805001424346,32.0970637923148,32.2953573147642,32.9933986287478
23,2022-08-18,CMX,CEDA,15,44.3705126537171,42.6279038149465,43.5633466366092,43.2184055279975,43.2532910670733,43.2679524514409,43.3186678041055,43.4630843605012
24,2022-08-27,CMX,CEDA,23,37.8905817974892,36.8007555631097,36.7083399358932,36.4059273134566,36.9545963384996,36.7767827119036,36.616195856052,36.5261071989771
25,2022-08-22,CMX,CEDA,18,32.9724337871375,33.2453065909997,34.0062277577779,32.4549046165764,34.0971695981281,32.4058242988554,32.6278686297057,33.8332637446486
26,2022-08-11,CMX,CEDA,9,31.9032197439328,28.6131047800261,28.8638174231452,29.4313939648379,29.8600347652256,29.7610560272744,29.5358125528168,28.7698406939642
27,2022-09-02,CMX,CEDA,28,35.4307904975321,35.0095982039208,35.6103987611437,35.3269256465578,35.2434620603759,34.9085391167029,35.5257354342385,35.4220526464988
28,2022-08-10,CMX,CEDA,8,37.2998715259915,35.5865781050071,35.5161600437443,35.2426037987893,36.6676299313155,35.8536337071809,35.5416153332864,35.3114913225528
29,2022-08-29,CMX,CEDA,24,23.0590986845392,23.3579127889372,23.4508546180856,22.6742908670424,23.042646356583,22.8223007617354,22.8232524268791,23.5998161779223
0,2022-08-11,CMX,CEDA,6,32.0747414469155,28.5879642663942,27.5072951189136,28.0003867344109,29.0519722594075,29.3424733316927,28.0630378871982,27.4219585726312
1,2022-09-02,CMX,CEDA,25,35.2471063864182,34.1034217464822,34.9800698247745,33.9423030450173,34.4411830685035,33.8875057758806,34.078330794483,34.8310839883713
2,2022-09-07,CMX,CEDA,29,25.8794105011799,24.9750543124177,24.4562172068116,24.2983872026001,25.2952562137472,25.8673550844774,24.5079567351031,24.2466476743086
3,2022-08-18,CMX,CEDA,12,42.3028829398058,40.2552605227834,41.4166278914385,40.8808365236976,40.3472028648935,40.8805340456264,40.9409938893624,41.3811167744719
4,2022-08-16,CMX,CEDA,10,35.339041997738,34.1050982248133,33.6835758489749,34.9752944678468,34.6131296076955,35.2534226793289,35.0371387227898,33.611803396908
5,2022-08-22,CMX,CEDA,15,31.5009855315224,33.1762072645461,34.1674050259346,31.651875066124,33.520619109804,31.6039974481555,31.8056208555723,33.9944410128053
6,2022-08-05,CMX,CEDA,1,26.190889880239,25.0243937615525,25.0135085569487,24.9999104417595,25.2032267091438,25.4219396598418,25.0349197451189,24.9258476791021
7,2022-08-25,CMX,CEDA,18,45.9952515697364,42.9644805583718,43.5038129798957,43.2462765205468,43.0134415063754,44.03682739937,43.3111826021705,43.4375942345278
8,2022-08-31,CMX,CEDA,23,34.4904268496185,34.3140521268094,34.7924632883267,34.3938036182672,34.6540676533258,35.1796643206459,34.6211059621718,34.5651609444221
9,2022-08-24,CMX,CEDA,17,39.9724190783605,38.1860457725664,38.9643803635363,39.1142012630506,37.7991204020874,39.2095413388565,39.3269856480843,38.7515959785026
10,2022-08-29,CMX,CEDA,21,22.8922123015085,22.7701786034166,23.6058835704893,22.7640016939659,22.8124712745653,22.7118158265538,22.8964119693763,23.6140955988972
11,2022-08-08,CMX,CEDA,3,31.9830948265131,31.9705878438192,32.9951708062353,31.9468093627426,32.1669814207987,31.6706451667549,32.0155420242368,32.8660427070986
12,2022-08-19,CMX,CEDA,13,37.6042966402959,38.4926864727039,38.7918231028472,37.0352978869482,38.4449331494243,37.0009796312002,37.1628146209996,38.6342111701516
13,2022-08-12,CMX,CEDA,7,29.8300356523934,29.4971068603398,29.5372493800309,28.6920432645375,28.527345941124,29.369527362996,28.8133627848345,29.397181297611
14,2022-09-05,CMX,CEDA,27,31.902812379709,29.8903036152653,30.3268511107704,30.6565159620493,30.7443019015402,30.7926102734099,30.8019848447543,30.1540956384555
15,2022-08-13,CMX,CEDA,8,25.0803913022866,23.8908313660674,24.1752527401517,24.5471119901857,23.5476321866875,24.8384215599914,24.5077524302524,24.0091285279829
16,2022-08-10,CMX,CEDA,5,36.8932236230156,34.2294588939937,34.5156716829569,33.6732842507989,35.2734699550554,34.1830459631487,33.862691571211,34.3262643625448
17,2022-08-20,CMX,CEDA,14,52.76868016017,50.6344071609495,50.4279008721618,49.4745181828796,51.1168432061396,50.3145107057208,49.633114875786,50.2693041792554
18,2022-08-17,CMX,CEDA,11,42.5446792157214,39.7812653736811,39.0157054707705,39.6067070124628,40.6784233624852,40.6046171608735,39.8176245254966,38.8129871711725
19,2022-09-06,CMX,CEDA,28,37.5592932090551,36.2287920231962,35.8049575277071,36.1575728389685,37.7124076096344,36.916965695399,36.2499997875542,35.7125305791214
20,2022-08-30,CMX,CEDA,22,30.8780082451666,31.193457536623,31.2759380046402,30.8672626720156,31.2056075688449,30.7634061433427,30.9306963844177,31.2115890986086
21,2022-09-01,CMX,CEDA,24,42.8131303440963,39.8757367993411,39.7550240388081,39.2570481222189,40.4754534453681,40.1389260786786,39.3309081490733,39.6714728427997
22,2022-08-27,CMX,CEDA,20,37.768727786947,36.1453528744053,35.0957411457941,35.6446908519349,36.1490533988787,36.7032345733792,35.7848698803318,34.9415442145574
23,2022-08-15,CMX,CEDA,9,28.9987430830934,29.6359290279116,30.3528161431325,28.4522590729017,29.9276955011885,28.3284578311932,28.5823141633,30.2146326095842
24,2022-09-08,CMX,CEDA,30,36.8516019458981,34.9095486805499,34.8434450382577,33.720594498003,35.3293528483935,34.7280179061154,33.7911510623011,34.7522301994032
25,2022-08-09,CMX,CEDA,4,42.4026917530587,38.6657460674504,38.2359528586028,39.0278939491773,39.4799521209415,39.8041981813791,39.1087451565046,38.1427714848741
26,2022-08-26,CMX,CEDA,19,44.0562243011856,39.9004708992673,39.6902810246881,41.4270488757957,40.9634272106566,42.1619484281889,41.5811883460546,39.535370853488
27,2022-08-06,CMX,CEDA,2,35.0812686474916,32.5697229060195,32.7433023681198,33.5684672584687,33.3144534700923,34.0925234284828,33.4748075122732,32.7736350210153
28,2022-09-03,CMX,CEDA,26,42.9544462773548,40.9062435068549,41.5284268943901,39.5565777082539,41.8811292678441,40.4685650302436,39.7039111081489,41.3810934944951
29,2022-08-23,CMX,CEDA,16,38.4199737135474,37.5404632537455,38.235664425464,37.8989753604392,38.4429007322843,37.7797732241271,37.9856750493534,38.1380848534752
0,2022-09-01,CMX,CEDA,22,38.7465470288933,36.6982002950559,37.4986692987691,36.1108626618399,37.8737273229878,36.1067866428252,36.1970326931701,37.412499267439
1,2022-08-12,CMX,CEDA,5,31.715045362689,31.130561034689,29.7637877415023,31.3951803752184,30.5823680748169,31.6480850488582,31.542496935579,29.6186203143187
2,2022-09-03,CMX,CEDA,24,38.7837763220249,39.0017291133885,39.5931111118008,37.7712683434056,39.6840735518601,37.842570647438,37.9628017632691,39.4195059440806
3,2022-08-23,CMX,CEDA,14,36.9538133580346,36.1103790843818,37.7106794978246,37.0479364374275,36.7691743341072,36.783522301051,37.1346361263417,37.613142347796
4,2022-08-15,CMX,CEDA,7,27.4427757715249,28.9864505030747,30.4869310427298,28.2029750672849,28.9545207374684,27.7750705630622,28.357415487133,30.3324906228817
5,2022-09-09,CMX,CEDA,29,43.242981502262,40.88519112766,40.0110194448621,41.6825518425703,41.7330834311967,41.943132304505,41.8735490201823,39.8286016018191
6,2022-09-07,CMX,CEDA,27,26.7855691690822,26.7350255950955,26.0346535586046,27.0799031439775,26.7933843177156,27.6747412679089,27.3011154282863,25.7923576398897
7,2022-08-11,CMX,CEDA,4,32.6661146210616,29.3583595112603,27.3953646882447,28.427789777984,29.784391685149,29.8743448537003,28.4904409307714,27.3327135354573
8,2022-09-02,CMX,CEDA,23,32.1506295660899,31.8980214983977,33.2365005494952,32.2228928470659,32.6163241917765,31.9758164682515,32.4007752886749,33.0570710980619
9,2022-08-26,CMX,CEDA,17,39.0427621091632,37.0924905030714,39.2421060573965,38.0938439245353,38.4360541596283,38.2617549767635,38.2700033191169,39.0659466628149
10,2022-08-27,CMX,CEDA,18,35.8506896696574,35.2289487156036,35.5788878238154,35.5738397261142,35.4071510686092,35.9428973074233,35.7560724630302,35.4075894573405
11,2022-08-20,CMX,CEDA,12,45.8270515578923,46.7074950291513,47.382975206671,44.8981365088503,46.6733340963092,45.4037683600332,45.088452540338,47.1926591751833
12,2022-09-05,CMX,CEDA,25,31.3617133561617,30.6416218381902,31.3028730658077,31.5978534315994,31.1251564188105,31.3633572731775,31.7705977298116,31.1301399416982
13,2022-08-17,CMX,CEDA,9,38.9021215270066,38.264327009285,39.3657334587993,37.783395864668,38.4604674196072,38.8033171658727,38.0060310173148,39.1430983061526
14,2022-08-18,CMX,CEDA,10,39.385294552845,38.528817351738,39.2474631065384,37.5440496235008,38.6872680982981,37.7236027909101,37.6142332167764,39.1772795132628
15,2022-08-16,CMX,CEDA,8,34.3247800892572,33.555011323358,34.4531347848202,34.5765144342612,33.9731270180496,34.5391007153099,34.6560284763308,34.343052240167
16,2022-08-13,CMX,CEDA,6,24.9465298255378,23.6464667051215,23.1196458464604,23.8729543545461,23.8776512438285,24.0677286193169,24.0008729243294,22.9917272766771
17,2022-09-06,CMX,CEDA,26,36.2339694929378,35.5217978689238,36.5161437078124,36.7702799115871,36.6511976840931,36.8364390693841,36.8742602287461,36.4206884146922
18,2022-08-24,CMX,CEDA,15,36.5037675591562,37.1799315032594,37.6217994624941,36.7709732843007,36.7268178037941,37.1450642423177,36.9955790240585,37.3954262330218
19,2022-08-25,CMX,CEDA,16,41.4512404583026,40.5881562719389,41.8787998474966,39.9253284207325,40.9516575640519,40.6460292829327,39.9902345023561,41.8138937658729
20,2022-08-31,CMX,CEDA,21,34.1823339143431,33.963006760814,34.8113475179901,33.8297487129622,33.8147789034486,34.664904236924,34.0823068728563,34.5879666071916
21,2022-08-08,CMX,CEDA,1,30.6502882532153,31.2317255389689,33.2847712536287,31.0464100757641,31.4192191232442,30.7548873825794,31.1755381749007,33.1412955879213
22,2022-08-30,CMX,CEDA,20,31.0460949181071,30.8975191022771,31.7511164857065,31.0922969984204,30.7158721087727,30.9783998063438,31.1738546286517,31.6695588554752
23,2022-08-10,CMX,CEDA,3,33.4735864700072,33.2602029890334,34.393099781085,32.2685453429642,33.9357091115659,32.8420681751276,32.4684752922882,34.1865382511187
24,2022-08-29,CMX,CEDA,19,24.4119810652705,24.6918464307093,24.6114505156509,24.718631192483,24.9231344788283,24.4423768930518,24.8758683945328,24.5287577073247
25,2022-09-10,CMX,CEDA,30,44.1447563749559,43.005532412281,41.8310039598,42.3421541180047,43.7798889010374,43.2704502253112,42.522622569694,41.6626802082574
26,2022-09-08,CMX,CEDA,28,37.2088713577128,35.0789392917028,33.6978120693773,34.6817802757661,35.6891304955423,35.0817856142699,34.7523368400642,33.6361543522525
27,2022-08-19,CMX,CEDA,11,34.5808740709023,35.5370558840648,36.3999638699292,34.3091733757525,36.0218387496117,34.3296741792344,34.4759260279734,36.2332112177082
28,2022-08-22,CMX,CEDA,13,30.0943829398882,31.3041178721314,32.6330227029015,29.8492369576226,31.9216418613214,29.8288807989373,30.022200970752,32.4408404660911
29,2022-08-09,CMX,CEDA,2,38.548681518323,36.8924499116762,37.8527020712728,36.8131189742911,38.0038561694741,37.5837725857904,36.8939701816184,37.6947404317088
0,2022-09-07,CMX,CEDA,24,30.8434908055264,29.5742395239072,29.3401500936101,30.5985631178493,29.0448342916341,30.9709981840595,30.3889935853463,29.5874606008259
1,2022-08-12,CMX,CEDA,2,31.4819805124517,31.0220982286871,29.9476632133766,30.8188228841203,29.7585673075112,31.4812458594485,30.9574737644597,29.8090123330372
2,2022-09-09,CMX,CEDA,26,43.0237883934239,41.2013081034714,40.139888052673,40.492330357927,41.5992362877554,40.8610733289091,40.6720924074441,39.9458647728131
3,2022-08-17,CMX,CEDA,6,32.4532287417279,33.5195178219202,33.5209442296906,31.5974573026378,33.1296595926804,32.1487882277558,31.8083748156716,33.2970421560501
4,2022-09-12,CMX,CEDA,28,35.5427561971379,35.1159364660667,35.4141842525326,35.0591180094589,33.7090161716582,35.3471280111616,35.2285964860694,35.2547528489576
5,2022-08-20,CMX,CEDA,9,41.1527664432615,41.3034580077999,40.9453536442657,38.989830977535,42.0738813009994,39.4407164396247,39.1801470090226,40.7380837779679
6,2022-08-23,CMX,CEDA,11,32.8105835729478,33.4408873068655,33.7667773453397,33.0381741458257,33.4683755684001,32.8475467002786,33.1031989125114,33.6524321281555
7,2022-09-01,CMX,CEDA,19,34.8458849531379,34.0409263997468,34.1946725964632,31.560021461901,34.6349122965605,31.8879520150943,31.6215714842796,34.1319023982817
8,2022-08-22,CMX,CEDA,10,26.2912715559034,29.2428842010095,29.7731569372783,27.3304404061644,29.1982100484629,27.0828233670468,27.5034044192937,29.6209799148356
9,2022-08-18,CMX,CEDA,7,35.9639975256632,36.1181351155501,36.1009563605688,34.0331443879267,35.1013203507244,34.4029293593612,34.0832755259807,36.1177584689141
10,2022-09-06,CMX,CEDA,23,31.5588912145379,32.0936075134374,31.6816061221279,30.8063138519995,32.7137657540907,31.2473205028861,30.8756340634389,31.5718381620012
11,2022-09-03,CMX,CEDA,21,32.6005126416112,31.1991425503122,32.1976594851377,30.4052980073697,32.1689261587108,30.5860718546315,30.5820980872437,32.0465762548463
12,2022-08-11,CMX,CEDA,1,31.0833013797277,28.2385226996024,27.0992311746751,26.7761503008015,27.7959729005727,28.311583143556,26.7239410068121,27.0929299700034
13,2022-08-16,CMX,CEDA,5,30.6583838453788,30.6870064045363,30.5803829991082,30.6691117267706,31.2744449971344,30.4765948379745,30.7221210881503,30.5640970008417
14,2022-08-30,CMX,CEDA,17,30.7293808455946,31.0796866163849,31.408400286838,30.8918057898305,30.9666065891507,30.6609186605958,30.837434036343,31.5180729940161
15,2022-08-13,CMX,CEDA,3,27.4750709499222,26.3634310465275,26.4574978270204,27.498607759407,26.3215425254704,27.6435714144407,27.3805290796071,26.5874333745294
16,2022-08-29,CMX,CEDA,16,26.4010172954382,26.6269540562245,26.5956477529764,25.9112478748294,25.7953658733062,25.9307599175824,25.7622863149927,26.7782360396906
17,2022-08-31,CMX,CEDA,18,29.7768593111042,30.5167672612269,31.4007751877447,30.077915221672,30.2471462083543,30.4494072262619,30.3052175655766,31.1948975872317
18,2022-08-15,CMX,CEDA,4,23.9987346723186,25.8954001637343,26.5517425597122,24.3015789847908,25.2667500468238,24.0033712191926,24.447890961489,26.4362943348308
19,2022-09-02,CMX,CEDA,20,31.2197590605296,30.0902231149767,30.8612627038304,30.6409164196886,30.5433716155524,30.4456642323613,30.4944249971871,30.7018131943914
20,2022-08-24,CMX,CEDA,12,32.2753445187331,33.1317560303555,32.6121866131171,32.139140739756,32.0527284322204,31.7253675776831,31.9263563547223,32.8042092674273
21,2022-09-10,CMX,CEDA,27,42.8380973156955,41.1872783458503,40.9088157980732,40.0081139769944,41.8324297570967,40.80192964988,40.1747002400922,40.7439670234204
22,2022-08-26,CMX,CEDA,14,37.871016516851,34.6897872911211,35.0386475200637,34.8701084887481,36.0045678634452,34.9882788112298,35.0462678833296,34.8727273867022
23,2022-08-27,CMX,CEDA,15,31.4008081816344,31.1495547253156,31.748939029138,30.3725407479163,31.1000891243349,30.8559067516796,30.5407555819926,31.6047777652928
24,2022-09-08,CMX,CEDA,25,39.6908667643763,36.9585058529788,36.1538650189085,36.6950030720447,36.6174051432209,37.1041717686422,36.7538002089598,36.0561282405422
25,2022-09-05,CMX,CEDA,22,29.51595894114,31.2838031891976,30.9850932965114,29.7140078077584,30.3203890312275,30.0207944006265,29.5503553147153,31.1677296776569
26,2022-09-14,CMX,CEDA,30,37.4820041250253,37.6031111466988,38.4897716117018,36.3874844503096,39.388569286546,36.7801870637048,36.6221001041489,38.2616767593652
27,2022-08-19,CMX,CEDA,8,31.4564962327344,33.399205850285,34.5110962415134,31.8397023735738,32.9917279955939,32.0139410148134,31.9966460462523,34.3269340933584
28,2022-08-25,CMX,CEDA,13,37.3787054048232,36.3499101557247,37.4903143155118,35.5803423543229,36.5795865461177,35.4976913876917,35.6344307556759,37.3985472787374
29,2022-09-13,CMX,CEDA,29,33.7573412865908,34.1689018746433,34.0969227899673,32.9326711675641,33.532288077266,33.3104397376352,33.0090254084527,33.980676741151
0,2022-09-09,CMX,CEDA,16,40.751655074898,38.3817608122513,37.775006432637,39.5888570172275,39.0943862182966,40.4888675846076,39.498975992469,37.8761225854904
1,2022-09-15,CMX,CEDA,21,36.6642497783859,36.9149656851307,36.6538759022148,36.2078152946186,37.7002280063022,36.4005548355952,36.18483599023,36.6653655544091
2,2022-09-26,CMX,CEDA,30,31.456097704182,28.8132153024023,29.4957308019211,30.7661127352233,29.3416209174567,31.4761524034311,30.8972674068177,29.3577482305157
3,2022-09-13,CMX,CEDA,19,31.2648652727142,31.2078001616252,31.4841001575021,30.8240478963069,31.7747429464832,31.1850471504143,30.8022323989101,31.451376911407
4,2022-08-29,CMX,CEDA,6,26.1413728090201,25.7403088375698,25.8003932071365,26.2475949261782,24.96238560269,26.4808450918742,26.1317359351941,25.9245278403337
5,2022-09-10,CMX,CEDA,17,42.5614846763176,42.4050431473371,41.5361612833806,40.7079885875907,43.5915688627629,41.8931286380725,40.6663420218162,41.577807849155
6,2022-09-05,CMX,CEDA,12,25.131121642795,25.0619525164915,25.0003874797832,24.7546288079345,25.0526156431156,24.8753881442424,24.6273435355676,25.1599053832267
7,2022-09-21,CMX,CEDA,26,38.3681650411276,36.4784398039604,36.9406803317975,36.7820727003492,37.7426906550908,37.2947288922754,36.8917596651861,36.8257392760408
8,2022-08-31,CMX,CEDA,8,26.6189789430836,27.1794083317502,26.9116956594189,26.3977061540163,27.6796695152649,26.8740351712003,26.5113573259686,26.7727886714772
9,2022-09-23,CMX,CEDA,28,48.2252189064816,44.8167438707935,43.9572109083199,45.6319458533832,46.4391121300832,47.3031127848419,45.7336157620549,43.8555409996483
10,2022-09-07,CMX,CEDA,14,33.0327963020401,32.1916656246119,31.8505656893025,32.9609226595726,32.4311740851114,33.3344168064705,32.8561378933211,31.9575523247594
11,2022-09-01,CMX,CEDA,9,27.1103156441791,27.2809783510586,27.0545458836208,25.7403899040498,28.1032520172252,25.9231712652742,25.7157698950984,27.0668558880965
12,2022-08-24,CMX,CEDA,2,31.1189040340328,31.5531013718973,31.1885706968462,31.4759232215873,30.9764423628547,30.8762525492876,31.3695310290704,31.3186055988112
13,2022-08-30,CMX,CEDA,7,29.7655158433686,30.5571383471541,30.6078733198135,30.1621330304179,30.3658462155584,30.3374527984697,30.1802569482471,30.6350591965572
14,2022-09-12,CMX,CEDA,18,33.0578793545537,31.5422217896659,31.7415342082166,32.4219947013,31.1753219526474,33.2267453398998,32.5538112942192,31.6003021443745
15,2022-09-22,CMX,CEDA,27,44.7000458328358,41.3220548720149,41.7181449964291,42.242806767971,42.6272600660503,42.7891629772762,42.242806767971,41.7317615368336
16,2022-09-06,CMX,CEDA,13,27.5699699120658,27.1957779670743,27.5681563768536,26.9849935483517,27.5028848714448,27.1182660228291,26.996546916925,27.6028164825733
17,2022-09-17,CMX,CEDA,23,48.2307001082057,45.1742528994029,44.6159839830584,45.0386509937795,46.9723046001553,46.8484154552939,45.0739297166339,44.5630658987767
18,2022-09-14,CMX,CEDA,20,36.9759630472729,35.5857570805923,35.806762441021,35.0043550526007,36.9640768807653,35.802450056141,35.1216628795203,35.6764204111103
19,2022-09-20,CMX,CEDA,25,44.9809804002885,42.7704114423134,43.2007124165461,43.4062467841672,43.689866065092,44.4032810982855,43.4192813275116,43.2398160465792
20,2022-08-25,CMX,CEDA,3,37.5353600673453,37.8591185024347,38.0111721462609,36.3889597611663,37.9983667179236,36.4623512273604,36.4214128019781,38.0016671297346
21,2022-09-02,CMX,CEDA,10,26.8709977596623,26.2171258567917,26.5625833638348,27.1650824491737,26.4874949409255,26.3761374800962,27.0918367379229,26.6631786704672
22,2022-09-16,CMX,CEDA,22,249.168805002019,241.935449660093,233.954204539479,237.507781777655,246.118236658149,245.815912368837,237.830839756397,233.721545358073
23,2022-08-27,CMX,CEDA,5,28.4406383563233,27.7385173864905,26.9962059588425,27.2364193617424,28.4149012656559,28.3371815195625,27.2644551674218,26.9541522503234
24,2022-09-19,CMX,CEDA,24,30.9912739549868,30.6876678706441,31.2956655104935,31.2413208589887,30.2474425371221,31.3058213583851,31.3635442701071,31.1779488102407
25,2022-09-08,CMX,CEDA,15,32.130546540011,31.1823685856863,30.6141212273798,30.5374915385772,31.3161077066899,31.1336093098482,30.5022132564281,30.6141212273798
26,2022-09-03,CMX,CEDA,11,30.2804266748531,30.1430455111983,30.0177231928693,29.0325695888854,31.0317318037705,29.3644660374186,29.0620362688644,29.9818318068539
27,2022-09-24,CMX,CEDA,29,50.6053998024556,48.280634781264,47.7921750068697,47.3831751538538,50.2032480421897,49.4854936957554,47.4303054852962,47.7293345649465
28,2022-08-23,CMX,CEDA,1,28.0114042845346,28.7256704874385,29.1730759533167,28.1957956604654,28.4526613337791,27.6157108322578,28.2283080438083,29.2055883366596
29,2022-08-26,CMX,CEDA,4,36.4855142615545,34.9512170411759,34.3547254063089,34.3842797138465,35.9934468979175,35.6487845119917,34.4723594111372,34.256406447798
0,2022-09-08,CMX,CEDA,13,33.4606898194651,32.6831622912462,32.1059857076903,32.1294929884993,33.0090608434393,32.3990931235887,32.0824552789672,32.1441245700491
1,2022-09-19,CMX,CEDA,22,33.8392933819017,32.9345523113608,33.5250372535013,34.3545898708029,32.4399761424676,33.8141588554762,34.4331620636647,33.4493645729321
2,2022-09-15,CMX,CEDA,19,40.0173419940329,40.3073152301398,40.0391453190606,40.076049473924,40.8704995616186,39.9103195569229,40.0186012129525,40.0928528574935
3,2022-09-28,CMX,CEDA,30,46.6123618523028,43.0288612524409,43.3226952070916,44.6479915389995,44.3659787555201,44.9785628311478,44.7453399914873,43.2243817098572
4,2022-09-22,CMX,CEDA,25,47.3666142472915,43.2417769558335,42.5361574970364,44.5865722772894,44.7595850214914,44.6652740577037,44.518489575267,42.5912808551862
5,2022-09-05,CMX,CEDA,10,26.7883839451125,27.052390844419,27.0604465001513,27.2215793190554,26.3529432218074,27.0581517047697,27.1306612673648,27.1745053777495
6,2022-09-03,CMX,CEDA,9,30.5333121786137,29.5974912644189,29.5289245695316,29.2825322799623,30.592296436516,29.6125787710413,29.2972656199518,29.5251747391352
7,2022-09-23,CMX,CEDA,26,51.2320990177128,46.8469894650139,46.2333006508268,48.5894432942125,48.1574493558485,49.4099179399486,48.6656957257162,46.1443394807391
8,2022-09-17,CMX,CEDA,21,49.8161230405388,46.3468736940164,45.6243408346392,46.7821119647523,48.562980288989,48.0827751929778,46.7821119647523,45.606701473212
9,2022-09-20,CMX,CEDA,23,46.5970041032361,43.2191969071767,43.1999524050962,44.8620465684835,44.6719163202044,44.9894619856199,44.9011501985166,43.160848775063
10,2022-09-06,CMX,CEDA,11,26.3497249493974,25.4852044283447,25.4353290290271,25.5046536958724,25.9067673023772,25.5073362062449,25.5508671701653,25.3921438992687
11,2022-09-01,CMX,CEDA,7,29.0309674960898,29.5861397177598,29.1866520477029,28.0157291112834,30.2278505554406,28.2131660918435,27.9541790889047,29.2262008964518
12,2022-09-14,CMX,CEDA,18,41.432927213809,38.7021114641461,38.3421494436744,39.0244783999646,40.4156217558957,39.969368021492,39.1157178209021,38.2378758197459
13,2022-09-24,CMX,CEDA,27,51.5100745966174,48.0879933823558,48.1849095623996,48.8742849916117,49.5697345344251,50.197387789298,48.8742849916117,48.1714027529537
14,2022-08-29,CMX,CEDA,4,28.81165564412,28.0225633482817,27.9956795884285,28.9609145945288,27.4183045249051,29.056175890464,28.8781581723973,28.1036204369198
15,2022-09-12,CMX,CEDA,16,36.1831006956559,33.5067871079829,34.0230565886165,35.5539131520667,33.4318490489087,35.6666567718136,35.6480678612947,33.9179112036428
16,2022-09-07,CMX,CEDA,12,32.0801637044398,30.959855064591,30.8642014044762,31.6069430150676,31.1304055429222,31.9859263643826,31.5254437524275,30.9535450010518
17,2022-09-09,CMX,CEDA,14,42.9200747642555,40.3545352618596,39.4004622889035,41.8554318305203,40.8280775319239,42.4154648265308,41.7992561900462,39.461210326774
18,2022-09-02,CMX,CEDA,8,26.7307976120971,26.189418721283,25.700934014412,26.6620018544666,26.3205174658073,26.4842209626495,26.5992198162516,25.7795253821191
19,2022-09-13,CMX,CEDA,17,35.8428581083538,35.0858898287396,34.9473690223838,35.2490083740277,35.8866056308381,35.5037673122354,35.2162851279325,34.9698086633832
20,2022-08-26,CMX,CEDA,2,35.2430590284831,33.8212962359666,32.9563103242996,32.9542956420838,34.7385914556272,33.9388165321743,33.0203554150519,32.9047678303393
21,2022-09-21,CMX,CEDA,24,41.8168497916517,38.7409930861141,38.6838110725413,39.584467772821,40.3818947265464,39.9228909748739,39.669779856583,38.5621758024908
22,2022-09-27,CMX,CEDA,29,36.1346905517323,34.1157743057137,34.8918283521899,36.2016587281381,34.4441918564539,36.0488703342145,36.2471974600783,34.8613258187458
23,2022-09-16,CMX,CEDA,20,251.46246839289,241.554210064571,234.537581462522,238.896460378543,245.873885586376,245.23943006197,239.111832364371,234.370647362174
24,2022-08-31,CMX,CEDA,6,28.9607517065401,29.0783733347439,29.178814234275,28.7288448847294,29.7927003998931,28.9156236629399,28.8172402406923,29.1214822198987
25,2022-09-10,CMX,CEDA,15,44.3837966699184,44.5206208132403,43.2816387925761,42.8776409537814,45.709117534505,43.5214097277997,42.8776409537814,43.2955209811676
26,2022-09-26,CMX,CEDA,28,34.0704885890024,31.4736667722914,31.7930897765672,33.8862843538135,31.2202784376345,33.9429179069079,33.9799662620953,31.7106799256221
27,2022-08-30,CMX,CEDA,5,30.7334721821889,32.2489870104375,31.9380078126423,31.4689934729886,32.0668630797789,31.2924883798223,31.5052413086469,31.9198838948132
28,2022-08-25,CMX,CEDA,1,34.7859998562614,35.5598169118457,35.6734389522637,33.7495591528877,35.1606866752314,34.0000938220638,33.8036475542407,35.6471250469739
29,2022-08-27,CMX,CEDA,3,31.0898724601333,30.2381108467708,29.3433231889091,29.6172604826713,30.9767763441062,30.7396169495267,29.6172604826713,29.3402396565106
0,2022-09-15,CMX,CEDA,18,46.6773883520384,49.724835191021,49.490449131947,49.575941461905,47.6592193928692,49.5173782382411,49.5414725053221,49.5249180885299
1,2022-09-02,CMX,CEDA,7,26.8718811049186,26.2199500300532,25.767803646912,26.7719902494394,26.2796630640281,26.6490165065939,26.7092082112245,25.8316622779807
2,2022-09-10,CMX,CEDA,14,44.0622265694373,44.2668686722583,43.148672237025,42.5835844500886,44.7378715386129,43.1817751166943,42.5558200729057,43.1432057027548
3,2022-08-26,CMX,CEDA,1,32.1057002714315,31.2203061315232,30.9238408290574,30.3075931054644,32.6702081027239,31.1683440550886,30.3846628405939,30.8502026041666
4,2022-08-31,CMX,CEDA,5,31.0043052409548,30.799523530341,30.7906356420924,31.0962165959899,31.1226664682405,31.1566677623985,31.1846119519528,30.6926016879346
5,2022-09-05,CMX,CEDA,9,28.2866381229932,28.4425856942653,28.4691087718823,28.6871386177512,28.0521625529287,28.6964652232715,28.5871287608915,28.5845739553103
6,2022-09-29,CMX,CEDA,30,50.9227433396677,54.0771653624539,54.5265870901208,56.2325023299667,49.9552943915273,55.8644657514052,56.2568505394149,54.498882537639
7,2022-09-13,CMX,CEDA,16,40.0288594566841,41.4152988832597,41.1993232581854,41.7365250720959,40.4792123928521,41.8074995123907,41.7256173233975,41.2102310068837
8,2022-09-14,CMX,CEDA,17,47.7641253938673,48.2749981370568,47.6882834831892,48.7023748708396,46.5542255882616,49.343025237679,48.793614291777,47.5970440622517
9,2022-09-03,CMX,CEDA,8,31.2050887991698,30.0969693754967,29.4487587210568,30.0792371811216,31.0013074670335,30.5554774478176,30.0939705211111,29.3962500671351
10,2022-09-21,CMX,CEDA,23,51.6048442479384,51.7142389257442,51.9827401964648,53.4872760046073,49.9721458783057,53.7279517111961,53.5847755289068,51.8783073225478
11,2022-09-06,CMX,CEDA,10,27.9557666680311,27.3227742611863,26.9675236769031,27.4944674534499,27.6165323703871,27.2657151147451,27.5060208220231,26.9644953323687
12,2022-09-01,CMX,CEDA,6,28.9736999905358,29.4921303964381,29.0922507725289,28.1587176167426,30.0527016322079,28.3020479335527,28.1094775988397,29.1354273456435
13,2022-08-27,CMX,CEDA,2,31.1441828397369,29.6764523055083,28.8851870231061,29.7854559140488,30.2968816136511,30.5754843953115,29.7994738168885,28.8807946188503
14,2022-08-30,CMX,CEDA,4,31.4108408439569,32.6889971713375,32.3605012688116,32.2508334823798,32.4454056619793,31.9740054913513,32.2689574002089,32.351439309897
15,2022-09-12,CMX,CEDA,15,36.9170535280521,34.8427308952013,35.4217336658432,37.0364130540665,34.7472279643163,36.9088356902496,37.1399832342174,35.2945326389323
16,2022-09-16,CMX,CEDA,19,266.888417754843,264.43155122026,258.80717220557,264.197591049068,259.754838272664,270.372046495622,264.448858365868,258.501401422404
17,2022-09-07,CMX,CEDA,11,33.6446557864419,32.6906230026093,32.7655608074183,33.396369476419,33.1562828076455,33.4716560365059,33.3148702137789,32.8470600700583
18,2022-09-08,CMX,CEDA,12,34.6813158307518,33.9627112020509,33.3777910817085,33.5071297267361,34.4289828357051,33.692023033593,33.460092017204,33.4130693638575
19,2022-09-09,CMX,CEDA,13,44.2587226823172,41.3097308742216,40.2477701864491,43.1144571264759,42.2720992663111,43.7199312820599,43.0358112298121,40.3264160831128
20,2022-09-22,CMX,CEDA,24,54.4484761790339,55.3452949630416,54.8160676325932,56.1723057025328,53.1741658389321,56.3297685787952,56.1314560813194,54.8569172538066
21,2022-09-19,CMX,CEDA,21,38.5398642935769,40.3785675126388,41.2365818657425,41.7122893262687,37.7696004673029,41.3531145611496,41.8170522500845,41.1322555060075
22,2022-09-24,CMX,CEDA,26,58.296255647156,59.7765588757549,59.9760418196181,60.8823165421693,56.7444111020833,61.8927784610238,60.9294468736117,59.9446215986565
23,2022-09-17,CMX,CEDA,20,58.6197356565799,60.2639115494526,60.0185654106791,61.2591922744402,56.4635433787538,62.333827707921,61.2944709972946,59.9933422095415
24,2022-09-27,CMX,CEDA,28,44.6255008483924,46.3430518018569,46.3859357784893,48.8806159522771,43.3286195255859,48.4885730088278,48.8920006352622,46.3745510955042
25,2022-08-29,CMX,CEDA,3,28.5156629271254,27.8381586848175,28.0212400268379,28.6808010713983,27.492954674049,28.8720589321919,28.5897690070536,28.1010231668042
26,2022-09-26,CMX,CEDA,27,39.7447316543223,40.1869453934629,40.6551123771507,42.5287712238978,37.6557521634193,42.4122082124444,42.6411895138359,40.5363290756267
27,2022-09-20,CMX,CEDA,22,54.7010322121407,55.9809765193875,56.3614355533023,57.8865145038242,53.6404487379634,57.8017096085749,57.8995490471685,56.3614355533023
28,2022-09-23,CMX,CEDA,25,59.9472550662274,59.6663481801324,59.1196813072198,61.8896192998751,57.2505448017296,62.9516076803443,61.9912892085468,59.0201066323588
29,2022-09-28,CMX,CEDA,29,57.1237529038382,58.6311521318152,59.3482742882434,61.1009120737961,55.2985878893997,60.7529245241125,61.2121674480679,59.2509258357556
0,2022-09-12,CMX,CEDA,5,29.2910128027274,29.6743980049872,29.6072430890714,28.5309129008779,29.427184677632,29.3435355192725,28.7380532611796,29.3764718820096
1,2022-09-28,CMX,CEDA,19,46.2067908618788,44.4317571042977,43.3830220537383,43.8618214539808,45.5144575209433,44.1658620112735,43.9591699064686,43.284209717803
2,2022-09-29,CMX,CEDA,20,38.0465015751722,38.2505781272124,37.6500187617166,37.6723556439111,37.6861331489031,38.1997683033387,37.6967038533593,37.629026895302
3,2022-09-21,CMX,CEDA,13,34.8887536511843,33.5182422593794,33.656466686235,33.1249569638701,34.2053205913051,33.1053577928511,33.2102690476322,33.5589671619356
4,2022-09-10,CMX,CEDA,4,36.6438904766899,36.6062197974718,35.8104716239898,35.4806843126692,36.9718391252549,35.9565727210334,35.4251555583033,35.8447753664163
5,2022-10-05,CMX,CEDA,25,35.9526050111736,35.4203047984981,35.3596350105933,35.6002594032455,34.9593358065017,36.3146009938456,35.708398919452,35.2360469920716
6,2022-09-27,CMX,CEDA,18,33.3649516035818,32.6479418795744,32.2218728716723,32.5381731367935,33.4603418505214,32.5903309261066,32.5154037708234,32.2475981541585
7,2022-10-06,CMX,CEDA,26,43.7048129207964,42.7660322404653,41.9794835791279,43.1328634792063,41.6584116312192,44.312783573272,43.1048055274042,41.993512555029
8,2022-09-15,CMX,CEDA,8,33.4027580990917,35.9299570271547,35.2429769935668,33.3939057724662,35.5364816431018,33.7842745985812,33.3709264680776,35.264291616462
9,2022-09-19,CMX,CEDA,11,27.4940970392034,29.2417861902862,29.6701148404763,27.6885059060627,28.7924016291325,27.6249581221872,27.8805712663917,29.469319236496
10,2022-10-01,CMX,CEDA,22,47.2506368472478,44.981637998065,43.5413000695108,43.9342112140931,45.6147758831392,45.4913543217575,44.0005089105562,43.4862608119514
11,2022-09-08,CMX,CEDA,2,30.9394639382395,32.1901419439974,30.8844556823283,29.8457718103337,31.7996390682766,30.4184424802294,29.8340123829507,30.8962151097113
12,2022-09-26,CMX,CEDA,17,28.8758383382238,26.8065254906994,27.2567260236534,27.793612039627,27.2950723456206,28.260673066414,27.9997122378468,27.0325258682859
13,2022-09-09,CMX,CEDA,3,34.0610641285185,33.0823741705942,32.1818588156008,32.8997543506789,33.3229428649701,33.6016114515964,32.8660489663945,32.1818588156008
14,2022-09-20,CMX,CEDA,12,39.9650304557496,37.4819252588874,37.1344997563506,37.7107390228031,38.1413518741266,38.4762040120121,37.6977044794587,37.1344997563506
15,2022-09-16,CMX,CEDA,9,240.563773609698,232.353922513176,225.878696959712,228.050602441454,235.219297117083,235.86098363981,228.301869758254,225.627429642912
16,2022-10-03,CMX,CEDA,23,31.5260308755095,31.5257170884802,32.2404908079942,31.4118230331961,30.8686641932677,31.5955434781142,31.6460481827273,32.0063461965878
17,2022-10-07,CMX,CEDA,27,34.0801734642088,31.9599892630718,31.8476679572436,33.6069027040869,31.815224289586,34.1631698424276,33.6771642701567,31.7539481819439
18,2022-10-10,CMX,CEDA,29,33.8221975417111,32.8142857516757,33.0082381627071,34.2112468221234,31.7370049223758,34.5797544771928,34.4367292343811,32.7814409475961
19,2022-09-14,CMX,CEDA,7,34.632307105304,33.0371693279929,33.4870822976712,34.3382695901614,33.9386830490043,34.2175605494073,34.4295090110988,33.3948120495455
20,2022-09-23,CMX,CEDA,15,42.7206870292342,40.2035058877784,39.575222833028,40.1436407996582,40.9796628834122,40.9483842420442,40.2326019697459,39.4862616629403
21,2022-09-22,CMX,CEDA,14,42.6746448351412,39.8711278479056,38.9108475493984,39.6605137227377,40.3292979816417,40.319090611822,39.6332806419287,38.9450380042517
22,2022-09-30,CMX,CEDA,21,39.8064057104465,38.1982166091897,36.7467922337836,36.9591436861725,37.6350208540438,38.549506947213,37.0431190716997,36.65406083227
23,2022-09-24,CMX,CEDA,16,43.7158469516604,41.8113004224601,41.7626474772775,40.8956916951435,42.8504929161507,41.5990025680733,40.9585321370666,41.6998070353543
24,2022-09-07,CMX,CEDA,1,28.6748438217315,28.9883678229763,27.9616386395714,27.8824407195966,28.5293908833939,28.4356029161443,27.8009414569565,28.0547806540171
25,2022-10-08,CMX,CEDA,28,50.4415383785985,46.5924939146557,47.0056605218035,47.1810336457031,47.7380854238329,48.3284742672155,47.228589468504,46.9720812255932
26,2022-10-04,CMX,CEDA,24,45.6128402583326,43.4649336803456,42.5974882758805,44.3306025994157,44.1030339551036,45.434139642137,44.3020337925468,42.5974882758805
27,2022-10-11,CMX,CEDA,30,45.6615808435627,43.9911548481136,42.8233358272292,45.7370743171358,43.2953398127682,46.4992694646879,45.7086126766448,42.8312723230111
28,2022-09-13,CMX,CEDA,6,29.7665706189548,31.003987301208,30.5044642314942,29.549644248996,30.7351150448495,30.0386891703536,29.5387365002977,30.5044642314942
29,2022-09-17,CMX,CEDA,10,43.6981663063572,40.1556686285716,39.2098918394507,40.2951637291488,41.2797973536889,42.261340532885,40.3657211748577,39.1240275001442
0,2022-09-26,CMX,CEDA,14,27.1836086734118,25.7443270710061,26.0096445483019,26.7642743010107,25.8084466399228,26.8144865917667,26.9797426900587,25.8110032673841
1,2022-10-05,CMX,CEDA,22,33.4724743065213,33.4814662708907,33.0768671345684,34.0134514448149,33.4329005218309,34.4985060835129,34.167936467967,32.9325111598087
2,2022-10-11,CMX,CEDA,27,39.7320558988491,38.1679445317988,37.2729877073398,39.7981780967165,37.4262367163193,40.408465944289,39.8266397372075,37.2352899549579
3,2022-10-04,CMX,CEDA,21,44.3514820728715,41.4070667679353,40.6083373789563,43.8361486436296,42.3018946277622,44.8596211805468,43.8647174504985,40.626309174604
4,2022-09-22,CMX,CEDA,11,32.2246763807697,32.1945580824322,32.1015268731676,30.3984196525734,32.7345656862922,30.7907528622766,30.4120361929779,32.1252858000087
5,2022-09-14,CMX,CEDA,4,37.616574587366,35.8813283272201,36.1724152555179,37.2696837667203,36.6637717678288,37.6737312454303,37.400025796631,36.0671108044011
6,2022-09-30,CMX,CEDA,18,33.9165884034063,33.203923572232,32.4528490573801,32.1600586536727,33.5579283604083,33.0623123265104,32.2560305228467,32.3568771882061
7,2022-09-28,CMX,CEDA,16,38.245019943908,37.6026287639213,36.883085833024,37.1591422391083,38.0370728773639,37.1792164973374,37.298211456948,36.7449816599309
8,2022-09-24,CMX,CEDA,13,35.4048091013214,37.3836426862205,37.3138915277707,34.0984183125576,37.9494111497787,34.6315042086748,34.1769688649615,37.2240374669558
9,2022-10-03,CMX,CEDA,20,26.9142817346072,28.0710691327678,28.4772797633524,27.1906616242054,27.5686927904576,27.3292802360399,27.4355333714426,28.2415519371271
10,2022-09-16,CMX,CEDA,6,236.593547500141,227.035707571241,221.728949413554,225.76761821413,229.411964687871,231.720192477921,226.01888553093,221.53218556312
11,2022-09-17,CMX,CEDA,7,40.7314851290787,36.3228957538894,36.0929752520337,39.0049433196839,36.9650341867808,39.671975108784,39.09314012682,36.0706709549473
12,2022-09-21,CMX,CEDA,10,31.7070070354094,30.3982474476241,30.7892163339807,30.526210602645,30.9270245452501,30.3237255863027,30.6480850080194,30.677999662581
13,2022-10-01,CMX,CEDA,19,40.9302030521859,40.6104627706487,40.0891679625847,39.2307583062836,40.8412540118853,40.4313084457389,39.3136304268625,39.9890949494104
14,2022-09-20,CMX,CEDA,9,35.9152422773115,32.2022312111031,32.364541220827,34.5853223797572,32.6921923956838,34.6393983945889,34.5983569231016,32.4088646671804
15,2022-09-12,CMX,CEDA,2,24.8763961192396,26.4144273268695,26.4060981563543,24.4801450043294,26.352656457174,24.8785247761632,24.6967008355539,26.162637701981
16,2022-09-15,CMX,CEDA,5,25.7564927738202,30.2786222946587,30.0290530015516,27.1237969576528,29.9638724793358,26.7780789040202,27.1237969576528,30.0018996365573
17,2022-09-13,CMX,CEDA,3,25.6533054178103,28.1685338104392,27.8660037497379,26.3795878619073,27.9995291061403,26.3649149649284,26.3904956106057,27.8666278933406
18,2022-10-06,CMX,CEDA,23,40.6158469693493,39.6223785809879,38.9002092399753,40.1599508618185,39.0924834191579,41.2868799705585,40.1739798377196,38.8963416190085
19,2022-10-10,CMX,CEDA,26,33.6031251804684,32.3851984669745,32.5885458549409,34.3174088653649,31.8941714695618,34.503841552242,34.5531404781797,32.3246962461614
20,2022-09-19,CMX,CEDA,8,25.2405599732116,27.7040584574213,28.1760332028668,25.9771956169396,27.4811440307409,25.7094458241691,26.1779912209199,27.9894836890433
21,2022-09-27,CMX,CEDA,15,30.2391624417297,30.5048297064043,30.7422922478596,30.5628201543927,30.5843037021741,30.366434213735,30.5514354714077,30.7203309590784
22,2022-10-07,CMX,CEDA,24,29.0754882589448,27.2259967906578,27.2034063734296,28.553035784345,26.8599735920619,28.4969548816168,28.6467178724381,27.0979763371183
23,2022-09-23,CMX,CEDA,12,35.2975896303997,34.562545814572,33.8709087106434,32.6822174986591,35.4447795839268,33.646651962047,32.7711786687468,33.7805466853737
24,2022-10-08,CMX,CEDA,25,45.3947007663829,43.0504477726705,42.5332550288161,42.6698569620952,43.0734926694594,43.9617683804959,42.7649686076969,42.4418942119005
25,2022-09-29,CMX,CEDA,17,30.542736042998,31.8816456213058,31.4000047798125,30.5965701157949,31.3320136515879,31.104291633185,30.5843960110708,31.408822541503
26,2022-09-10,CMX,CEDA,1,32.6216491958268,34.7841274691086,34.4661485858184,32.6369408563393,34.8891520204662,32.9092801876634,32.5675299133819,34.5199398517394
0,2022-10-01,CMX,CEDA,15,39.9067714770968,36.6347738940414,36.4447373981476,37.8368412258156,36.0403614856276,38.3309643987216,37.8202668016998,36.4832022315913
1,2022-10-07,CMX,CEDA,20,32.0327103649121,29.080930619921,28.8160432893496,31.7491422797123,28.8997171685701,32.375838962736,31.7608525407239,28.8160432893496
2,2022-09-20,CMX,CEDA,5,36.1956893557825,32.7365861957567,32.7806260650206,36.0582033489705,32.7341139687797,36.2440731107847,36.1233760656924,32.666898870804
3,2022-10-08,CMX,CEDA,21,39.7197993929377,38.1038066323121,37.5827776571075,37.792316473792,38.2426785265306,39.3304469638175,37.8240203556592,37.5053933667825
4,2022-09-28,CMX,CEDA,12,39.2962415378706,37.6907867599912,37.3960181217057,38.4875323901685,38.1495163073562,38.6465215116789,38.5431600773043,37.3971624156078
5,2022-09-23,CMX,CEDA,8,36.2412696517206,33.1434256201415,31.7630380699179,33.7792991281528,33.6600030899015,34.7865062281188,33.7920078667368,31.7503293313339
6,2022-10-06,CMX,CEDA,19,43.6582271336615,40.9533202164035,40.5058715017961,43.2346156891389,39.8660965836802,43.4588033424436,43.1504418337325,40.6086948635906
7,2022-10-03,CMX,CEDA,16,26.7734555702875,26.4664166830604,26.9669257669842,26.766848820906,26.2869255624932,26.5528932558459,26.9159011887895,26.8377444559434
8,2022-10-11,CMX,CEDA,23,39.6093117698059,38.0110736259099,37.7085024660386,40.4151001779458,37.1672539106383,40.8713138170126,40.3439460767182,37.8092089955756
9,2022-09-16,CMX,CEDA,2,233.663807164347,223.587737647789,217.854928097992,224.582025570942,226.088944863906,229.695903056451,224.617920901914,217.854928097992
10,2022-09-29,CMX,CEDA,13,33.3326566401236,32.3082020693442,31.9694896936505,32.6726572920129,32.011798339335,33.4090602896635,32.7457019203575,31.8809146175483
11,2022-09-21,CMX,CEDA,6,28.9664354061292,28.2739705145861,28.6304252337915,28.17231380808,28.3611767850945,28.095386456378,28.2210635702297,28.6202424008968
12,2022-09-22,CMX,CEDA,7,34.3970342087103,32.7462248245042,32.3854901538323,33.1425880837717,33.2909255949864,33.0004810949764,33.2242873261986,32.288437294017
13,2022-09-17,CMX,CEDA,3,37.5160412489437,34.0612680379614,33.5747710397937,36.5055268551524,34.1323904385021,37.3752977069395,36.470248132298,33.6759422726978
14,2022-09-30,CMX,CEDA,14,34.8423785248775,32.4368934370562,31.6473499638516,32.8999989965456,32.2830680686265,34.2944028174131,32.8760060292521,31.5988435537392
15,2022-09-24,CMX,CEDA,9,31.354357537793,32.1121631943911,31.2855849173936,30.4884217657156,31.9894994547629,30.9079222084587,30.457001544754,31.2989334901372
16,2022-10-04,CMX,CEDA,17,42.5051385290562,37.8592372186197,37.5543578204336,42.4099665092609,38.6835596730849,43.0917272545107,42.3385444920886,37.677618945733
17,2022-10-05,CMX,CEDA,18,33.4009728873866,32.3533547875113,31.8165299313821,33.4030090066553,31.96333566617,33.634982101037,33.4648030159161,31.7749940189061
18,2022-09-15,CMX,CEDA,1,25.9777032386509,28.5210437749867,28.7411837979252,27.105408100293,28.3599704898755,26.57942481341,27.1743460134588,28.754338131613
19,2022-09-27,CMX,CEDA,11,31.4251686198489,30.3223326767529,30.4915438246762,31.2497653827738,30.2636242348513,31.5484627697863,31.306688797699,30.3785050720147
20,2022-09-19,CMX,CEDA,4,23.1363005001805,24.5801964457504,25.7454248507928,23.8734879450327,24.3643084260375,23.2071979557051,23.9957113561511,25.6538173459839
21,2022-10-10,CMX,CEDA,22,30.5484820615848,29.9773219978093,29.9805785343826,31.2378727714963,29.4485657422857,31.4269491265417,31.3916107798538,29.8192209311747
22,2022-09-26,CMX,CEDA,10,23.7234335597967,22.8991321763715,23.586961860111,23.4519643745337,23.221402542797,23.5048625162224,23.5924872369563,23.4851792030008
0,2022-10-11,CMX,CEDA,18,38.1307472183404,37.8736782905106,37.6388179954461,38.3582050478124,36.9068622891351,39.2426118760824,38.2728201263394,114.702848889423
1,2022-09-27,CMX,CEDA,6,27.1142462650936,28.0117793434631,28.3247093607764,28.1903097053025,27.1531577347787,28.0627485715809,28.2586178032128,92.2089015680278
2,2022-09-22,CMX,CEDA,2,29.5197899065971,28.3816428184127,28.185474382186,28.621166912836,28.151254151719,28.9624515553147,28.7028661552629,101.362230247483
3,2022-09-28,CMX,CEDA,7,34.8455266249135,32.7177738408386,33.365441280615,34.3020389112999,33.4361074373056,33.7428438951373,34.3437596766519,104.56167363783
4,2022-10-03,CMX,CEDA,11,23.933541379654,25.2262688111043,26.0870520249311,24.5959474211646,24.4526158622042,24.3537911415924,24.7343531913421,75.6193753039453
5,2022-09-26,CMX,CEDA,5,23.0668778436174,23.1562567574058,23.558446124759,23.1085016849414,22.8432417390898,22.5472775120619,23.2209199748795,80.0702809377838
6,2022-09-24,CMX,CEDA,4,30.1332383187859,29.7989407498898,29.7713385767985,30.1095156347178,29.6064862223863,29.9419109944722,30.1409358556793,94.5810297024437
7,2022-10-04,CMX,CEDA,12,35.2959958533688,34.8906449466767,34.2970006647911,35.2479101170496,34.9983759387572,36.2329667277614,35.1764880998773,111.038994881245
8,2022-10-07,CMX,CEDA,15,33.0881381292728,33.4986868274445,34.557734271264,35.6571917402862,32.4311281497572,34.8966623945667,35.6571917402862,65.3815679541479
9,2022-10-06,CMX,CEDA,14,39.6320497552779,38.6289601564476,38.6287137881606,40.3221627193479,37.8010788950203,40.9304330757715,40.2379888639415,90.6836262234833
10,2022-09-29,CMX,CEDA,8,32.3276341858412,32.2999311390958,32.2307299717522,32.7615120920578,31.717605194286,32.7155008475404,32.8223826156783,81.2763675369117
11,2022-10-08,CMX,CEDA,16,38.1423003540583,37.095552569574,36.8593399843119,37.369164080335,36.5056964245833,38.5972214612909,37.4008679622022,93.9452628846685
12,2022-09-30,CMX,CEDA,9,32.2207124787105,30.8993201595804,30.702413913919,32.2212646131341,29.9569571389224,32.3053164749689,32.2092681294873,81.6369891754245
13,2022-10-10,CMX,CEDA,17,30.8749095190419,31.3656008418708,31.2970431573367,31.3521700241901,30.6562006145309,31.3983524454536,31.4751604308761,87.0516527251595
14,2022-10-05,CMX,CEDA,13,33.8467253082435,33.9613974341655,33.7289281433311,34.7046562219049,33.3093202663615,34.7563658377478,34.6583107149593,91.9629414389315
15,2022-10-01,CMX,CEDA,10,34.2147604885834,32.8130845880502,32.0775856268981,32.7166993163194,32.8798126242729,33.3990587670315,32.6835504680878,94.5903406169344
16,2022-09-21,CMX,CEDA,1,28.3716478186285,27.5647549667282,27.6999062859743,27.700134473516,27.8186265798985,27.3117897477636,27.7366967951283,76.7048694492766
17,2022-09-23,CMX,CEDA,3,31.5375679416036,29.4542481602904,29.2586800386859,30.3441704895585,28.9055061953639,30.405423837345,30.3441704895585,89.3473293163322
0,2022-10-06,CMX,CEDA,11,97.5791591509313,93.120320455993,91.3638238841676,93.4888700260651,94.98786029866,94.3131998100543,181.032430179373,178.04631220944
1,2022-09-30,CMX,CEDA,6,91.7204290262359,86.1120759100791,83.3640185743207,84.2192626408394,88.5843820001163,86.5416643632993,171.557053927958,169.771219569376
2,2022-10-08,CMX,CEDA,13,99.2407981181046,95.7380143726499,94.816724038832,95.4125601504333,98.4681506532297,96.8209863140225,187.0870327881,186.71428440629
3,2022-10-01,CMX,CEDA,7,100.521879118397,97.6696372165062,96.2839678811208,96.8441229649472,99.0288331493096,98.6930696419917,190.587320141732,190.039465050115
4,2022-09-26,CMX,CEDA,2,91.0385236957497,84.4057526031245,81.6316642050002,88.2692445154649,85.1206299927514,89.8222244425199,180.826950080253,170.114968519721
5,2022-09-28,CMX,CEDA,4,113.13923072756,111.158988491526,109.345216921818,109.074144106401,113.140663336382,110.480871486395,208.796954496342,208.862636834793
6,2022-09-27,CMX,CEDA,3,97.0550864676713,93.8514407182956,92.4383036164627,93.6161218263699,95.1044510460523,95.2693233740587,187.908489966576,186.036013314591
7,2022-09-29,CMX,CEDA,5,87.4567328382467,82.4891341364986,81.0404771591473,82.9147022410509,84.1868030631926,83.7837089872843,170.11457202359,166.871928671277
8,2022-10-10,CMX,CEDA,14,97.6140448278762,91.2449219797887,88.222130970561,94.405293110583,93.5605942537961,95.7634391035701,184.200328735197,173.742194889343
9,2022-10-11,CMX,CEDA,15,119.836520432289,115.765968661934,114.311637903533,115.474462556481,118.198740909871,117.086419663331,218.263829851036,216.658910445019
10,2022-10-07,CMX,CEDA,12,73.1693688712316,68.1871953866043,66.1219496061528,66.6004362946261,71.187985357272,68.5589374577482,140.936758917503,139.187803459681
11,2022-10-04,CMX,CEDA,9,116.59241022349,112.02866725627,110.368189885393,112.887876062962,113.771949609913,114.374554778546,209.906376202718,206.794185317415
12,2022-09-24,CMX,CEDA,1,100.819499946919,98.8826915291531,97.5805665914995,97.8145752104067,100.019535207304,99.6453453831969,194.675887736551,194.318991516742
13,2022-10-05,CMX,CEDA,10,99.1644438468148,97.9863651370283,96.0658938884821,95.2279054780474,100.517225882106,96.7977374509833,187.017628118764,187.723557080063
14,2022-10-03,CMX,CEDA,8,86.2720574270472,80.5661465225864,77.6235918251065,83.1730415617593,81.1014653017193,84.8593216820015,171.254543871171,160.463789385816
